,Female,Male,Not_Married,Married,No_Dependent,1_Dependent,2_Dependents,3+_Dependents,Graduate,Not_Graduate,Not_Self_Employed,Self_Employed,Rural,Semiurban,Urban,ApplicantIncome,CoapplicantIncome,LoanAmount,Loan_Amount_Term,Credit_History,Loan_Status
0,0,1,1,0,1,0,0,0,1,0,1,0,0,0,1,376,0,100,8,1,1
1,0,1,0,1,0,1,0,0,1,0,1,0,1,0,0,306,60,81,8,1,0
2,0,1,0,1,1,0,0,0,1,0,0,1,0,0,1,139,0,26,8,1,1
3,0,1,0,1,1,0,0,0,0,1,1,0,0,0,1,90,160,73,8,1,1
4,0,1,1,0,1,0,0,0,1,0,1,0,0,0,1,381,0,94,8,1,1
5,0,1,0,1,0,0,1,0,1,0,0,1,0,0,1,353,241,169,8,1,1
6,0,1,0,1,1,0,0,0,0,1,1,0,0,0,1,65,61,48,8,1,1
7,0,1,0,1,0,0,0,1,1,0,1,0,0,1,0,146,174,111,8,0,0
8,0,1,0,1,0,0,1,0,1,0,1,0,0,0,1,269,63,120,8,1,1
9,0,1,0,1,0,1,0,0,1,0,1,0,0,1,0,470,282,186,8,1,0
10,0,1,0,1,0,0,1,0,1,0,1,0,0,0,1,171,11,28,8,1,1
11,0,1,0,1,0,0,1,0,1,0,1,0,0,0,1,84,99,62,8,1,1
12,0,1,0,1,0,0,1,0,1,0,1,0,0,0,1,150,279,140,8,1,1
13,0,1,1,0,1,0,0,0,1,0,1,0,1,0,0,24,189,67,8,1,0
14,0,1,0,1,0,0,1,0,1,0,1,0,0,0,1,7,29,1,4,1,1
15,0,1,1,0,1,0,0,0,1,0,1,0,0,0,1,337,0,78,8,1,1
16,0,1,1,0,0,1,0,0,0,1,1,0,0,0,1,218,0,53,6,1,1
17,1,0,1,0,1,0,0,0,1,0,1,0,0,0,1,208,0,34,8,0,0
18,0,1,0,1,1,0,0,0,0,1,1,0,1,0,0,331,0,86,8,1,0
19,0,1,0,1,1,0,0,0,1,0,1,0,0,0,1,91,223,68,8,1,1
20,0,1,0,1,1,0,0,0,0,1,1,0,0,0,1,423,0,57,8,0,0
21,0,1,0,1,0,1,0,0,1,0,1,0,0,0,1,380,267,182,8,1,1
22,0,1,0,1,1,0,0,0,0,1,1,0,0,1,0,91,109,69,8,0,0
23,0,1,0,1,0,0,1,0,0,1,1,0,1,0,0,190,111,65,8,0,0
24,0,1,0,1,0,1,0,0,1,0,0,1,0,1,0,237,195,104,8,1,0
25,0,1,0,1,1,0,0,0,1,0,0,1,0,1,0,450,0,136,8,1,1
26,0,1,0,1,1,0,0,0,1,0,1,0,0,1,0,116,150,75,8,1,1
27,0,1,0,1,0,0,1,0,0,1,1,0,0,0,1,285,26,63,8,1,1
28,0,1,1,0,1,0,0,0,0,1,1,0,0,0,1,9,0,5,8,1,0
29,1,0,1,0,0,0,1,0,1,0,1,0,0,1,0,240,130,73,8,1,1
30,0,1,0,1,0,1,0,0,1,0,1,0,0,0,1,279,217,141,8,1,0
31,0,1,1,0,1,0,0,0,1,0,1,0,0,0,1,166,0,32,8,1,0
32,0,1,1,0,0,1,0,0,1,0,0,1,1,0,0,317,0,59,8,1,0
33,0,1,0,1,1,0,0,0,1,0,1,0,0,1,0,207,78,67,8,1,1
34,0,1,1,0,0,0,0,1,1,0,1,0,1,0,0,469,198,183,8,1,0
35,0,1,0,1,1,0,0,0,1,0,1,0,0,0,1,59,128,100,8,1,1
36,0,1,0,1,1,0,0,0,1,0,1,0,0,0,1,21,44,53,8,0,0
37,1,0,0,1,1,0,0,0,1,0,1,0,0,1,0,228,57,97,8,1,1
38,0,1,1,0,1,0,0,0,1,0,1,0,0,0,1,279,275,130,8,1,1
39,0,1,1,0,1,0,0,0,0,1,1,0,0,1,0,239,79,63,8,1,1
40,0,1,1,0,1,0,0,0,1,0,1,0,0,0,1,221,0,36,8,1,0
41,0,1,1,0,1,0,0,0,1,0,1,0,0,0,1,17,35,12,8,1,1
42,0,1,0,1,1,0,0,0,1,0,1,0,0,0,1,71,0,33,8,1,1
43,0,1,0,1,1,0,0,0,1,0,1,0,0,1,0,261,158,87,8,1,1
44,0,1,0,1,1,0,0,0,0,1,0,1,0,0,1,318,0,49,8,1,1
45,1,0,1,0,1,0,0,0,1,0,1,0,0,0,1,195,0,43,8,1,1
46,0,1,0,1,0,1,0,0,1,0,1,0,0,0,1,361,0,9,8,1,1
47,0,1,0,1,1,0,0,0,1,0,1,0,0,0,1,374,0,97,8,1,1
48,1,0,0,1,1,0,0,0,1,0,1,0,0,0,1,95,220,73,8,0,0
49,1,0,1,0,1,0,0,0,1,0,1,0,0,1,0,268,152,97,8,1,1
50,1,0,0,1,1,0,0,0,0,1,1,0,0,1,0,31,75,53,8,1,1
51,1,0,1,0,1,0,0,0,1,0,1,0,0,1,0,154,0,73,8,1,1
52,1,0,1,0,1,0,0,0,1,0,1,0,0,1,0,286,0,65,8,1,0
53,0,1,0,1,0,0,1,0,1,0,1,0,0,0,1,310,0,87,8,1,0
54,1,0,0,1,0,1,0,0,1,0,0,1,0,0,1,466,0,173,8,0,0
55,0,1,0,1,0,0,1,0,1,0,1,0,0,1,0,104,33,50,8,1,1
56,0,1,0,1,1,0,0,0,1,0,1,0,0,1,0,45,68,49,8,1,1
57,0,1,0,1,1,0,0,0,1,0,1,0,1,0,0,191,144,88,8,1,0
58,0,1,0,1,0,1,0,0,1,0,1,0,0,0,1,432,149,127,8,1,1
59,0,1,0,1,0,0,1,0,0,1,1,0,0,0,1,188,192,97,8,1,1
60,0,1,0,1,1,0,0,0,1,0,1,0,0,0,1,84,231,73,8,1,1
61,0,1,0,1,0,0,0,1,1,0,1,0,0,0,1,144,0,52,8,1,1
62,0,1,0,1,1,0,0,0,0,1,0,1,1,0,0,92,222,117,5,0,0
63,0,1,0,1,0,1,0,0,1,0,1,0,1,0,0,336,0,100,8,0,0
64,1,0,1,0,1,0,0,0,1,0,1,0,0,1,0,279,0,69,8,0,0
65,0,1,0,1,1,0,0,0,1,0,1,0,0,1,0,367,253,165,8,1,0
66,0,1,1,0,1,0,0,0,0,1,1,0,0,0,1,171,151,79,5,0,0
67,0,1,0,1,0,1,0,0,1,0,1,0,0,0,1,460,0,181,8,1,1
68,0,1,0,1,0,0,0,1,0,1,0,1,0,0,1,413,0,78,2,1,1
69,1,0,1,0,1,0,0,0,1,0,1,0,0,1,0,290,0,89,8,0,0
70,0,1,0,1,1,0,0,0,1,0,1,0,0,0,1,172,204,122,8,1,1
71,0,1,0,1,0,0,1,0,0,1,0,1,0,1,0,26,107,50,8,1,1
72,0,1,1,0,1,0,0,0,1,0,1,0,0,1,0,207,0,37,7,1,1
73,0,1,0,1,0,0,0,1,0,1,1,0,0,1,0,324,0,48,8,0,0
74,0,1,0,1,0,0,0,1,1,0,0,1,0,1,0,348,89,133,8,1,1
75,0,1,1,0,1,0,0,0,1,0,1,0,0,0,1,240,0,66,9,1,0
76,0,1,1,0,1,0,0,0,1,0,1,0,0,0,1,240,256,125,8,1,0
77,0,1,0,1,0,1,0,0,1,0,0,1,0,0,1,5,201,63,8,1,0
78,0,1,0,1,0,0,0,1,1,0,1,0,0,1,0,166,237,127,7,0,0
79,0,1,0,1,0,0,0,1,0,1,0,1,0,1,0,186,140,83,8,1,1
80,1,0,1,0,1,0,0,0,1,0,1,0,0,1,0,249,0,64,8,1,1
81,0,1,0,1,0,1,0,0,1,0,0,1,0,1,0,70,0,100,8,1,1
82,1,0,0,1,0,0,1,0,1,0,1,0,0,0,1,8,108,119,8,1,0
83,0,1,0,1,1,0,0,0,1,0,1,0,0,1,0,381,149,168,8,1,0
84,0,1,0,1,0,1,0,0,1,0,1,0,0,0,1,265,0,14,6,1,1
85,0,1,1,0,1,0,0,0,1,0,1,0,0,1,0,67,176,89,8,1,1
86,0,1,0,1,0,0,1,0,0,1,1,0,0,1,0,186,118,52,8,1,1
87,0,1,0,1,1,0,0,0,1,0,1,0,0,1,0,84,134,57,8,1,1
88,0,1,1,0,1,0,0,0,1,0,1,0,0,0,1,436,0,146,8,1,1
89,0,1,0,1,1,0,0,0,1,0,1,0,0,1,0,364,240,124,8,1,1
90,0,1,0,1,1,0,0,0,1,0,1,0,0,1,0,133,193,84,8,1,1
91,0,1,0,1,0,0,1,0,1,0,1,0,0,1,0,392,268,134,5,1,1
92,0,1,0,1,0,0,1,0,0,1,1,0,0,0,1,180,97,37,8,1,1
93,0,1,1,0,1,0,0,0,1,0,1,0,0,1,0,277,0,75,8,1,1
94,0,1,1,0,1,0,0,0,0,1,1,0,0,1,0,224,0,2,4,1,1
95,0,1,1,0,1,0,0,0,1,0,1,0,0,0,1,407,0,100,8,1,0
96,1,0,0,1,1,0,0,0,1,0,1,0,0,1,0,80,154,90,8,1,1
97,0,1,0,1,1,0,0,0,1,0,1,0,0,1,0,34,20,14,8,1,1
98,0,1,0,1,1,0,0,0,0,1,1,0,0,1,0,282,0,68,5,1,1
99,0,1,0,1,1,0,0,0,1,0,1,0,0,1,0,15,224,84,8,1,1
100,0,1,0,1,0,0,1,0,0,1,1,0,0,0,1,289,212,86,5,1,1
101,0,1,1,0,1,0,0,0,1,0,1,0,0,1,0,327,233,104,8,1,1
102,0,1,0,1,1,0,0,0,1,0,1,0,0,0,1,473,0,100,8,1,1
103,0,1,0,1,1,0,0,0,1,0,1,0,0,1,0,312,225,100,8,1,1
104,0,1,0,1,0,1,0,0,1,0,1,0,0,0,1,247,13,113,8,1,1
105,0,1,0,1,0,1,0,0,1,0,1,0,0,0,1,147,24,53,8,1,1
106,0,1,0,1,0,0,1,0,1,0,1,0,0,0,1,465,31,151,8,1,1
107,0,1,1,0,1,0,0,0,0,1,1,0,1,0,0,418,0,73,8,1,0
108,0,1,0,1,0,0,1,0,1,0,1,0,0,0,1,243,226,149,8,0,0
109,0,1,0,1,0,0,0,1,0,1,1,0,0,1,0,42,13,47,9,1,1
110,0,1,1,0,1,0,0,0,1,0,1,0,0,0,1,350,0,89,8,1,1
111,1,0,0,1,1,0,0,0,1,0,1,0,0,1,0,129,157,92,8,1,1
112,0,1,0,1,1,0,0,0,0,1,1,0,1,0,0,214,239,105,8,0,0
113,1,0,1,0,0,1,0,0,1,0,0,1,0,1,0,420,0,100,8,1,1
114,0,1,1,0,1,0,0,0,1,0,1,0,0,1,0,340,0,71,8,1,1
115,0,1,0,1,0,1,0,0,1,0,1,0,1,0,0,474,0,131,5,1,1
116,1,0,0,1,1,0,0,0,1,0,1,0,0,1,0,166,153,107,8,1,1
117,0,1,0,1,0,1,0,0,1,0,1,0,0,0,1,54,47,40,8,1,1
118,0,1,0,1,1,0,0,0,1,0,1,0,1,0,0,360,137,124,8,1,0
119,1,0,1,0,1,0,0,0,1,0,1,0,0,0,1,457,0,166,8,1,1
120,0,1,0,1,1,0,0,0,1,0,1,0,1,0,0,362,181,127,8,1,1
121,1,0,1,0,1,0,0,0,1,0,1,0,0,1,0,279,0,9,8,1,1
122,1,0,1,0,1,0,0,0,1,0,1,0,0,1,0,46,281,90,8,0,1
123,0,1,0,1,0,0,1,0,1,0,1,0,0,1,0,132,0,37,8,1,1
124,0,1,0,1,1,0,0,0,0,1,1,0,1,0,0,290,120,138,8,1,1
125,1,0,1,0,1,0,0,0,1,0,1,0,1,0,0,232,0,46,8,1,1
126,0,1,0,1,0,0,0,1,1,0,1,0,1,0,0,497,0,189,8,1,1
127,0,1,1,0,1,0,0,0,1,0,1,0,1,0,0,253,74,100,8,1,1
128,0,1,0,1,0,1,0,0,1,0,0,1,0,0,1,459,234,113,5,0,0
129,0,1,0,1,1,0,0,0,1,0,1,0,1,0,0,386,178,129,8,1,0
130,0,1,1,0,1,0,0,0,1,0,0,1,0,0,1,493,0,202,9,1,1
131,0,1,1,0,1,0,0,0,1,0,1,0,0,0,1,37,112,32,8,1,1
132,0,1,1,0,1,0,0,0,1,0,1,0,0,1,0,106,0,28,8,1,1
133,0,1,0,1,1,0,0,0,1,0,0,1,0,1,0,202,0,2,4,1,1
134,0,1,1,0,1,0,0,0,1,0,1,0,0,1,0,332,0,55,8,1,1
135,0,1,0,1,0,0,0,1,1,0,1,0,0,1,0,268,277,174,8,1,0
136,1,0,0,1,1,0,0,0,1,0,1,0,1,0,0,306,0,39,8,1,0
137,0,1,0,1,0,0,1,0,1,0,0,1,0,0,1,184,223,43,8,1,1
138,0,1,1,0,1,0,0,0,1,0,1,0,0,1,0,478,0,158,8,0,0
139,0,1,0,1,0,0,1,0,0,1,1,0,1,0,0,284,53,82,8,1,0
140,0,1,0,1,0,0,1,0,1,0,1,0,1,0,0,339,130,131,8,1,0
141,0,1,1,0,1,0,0,0,1,0,1,0,0,0,1,353,0,120,8,1,1
142,0,1,1,0,1,0,0,0,1,0,0,1,0,1,0,411,0,124,5,1,1
143,0,1,0,1,1,0,0,0,1,0,1,0,0,1,0,102,123,75,8,1,1
144,0,1,0,1,0,0,1,0,1,0,1,0,0,0,1,467,0,133,5,1,1
145,1,0,0,1,1,0,0,0,1,0,1,0,0,1,0,64,250,53,8,1,1
146,1,0,0,1,0,0,1,0,1,0,1,0,0,0,1,476,0,28,8,1,1
147,0,1,0,1,0,1,0,0,1,0,1,0,0,0,1,11,52,4,8,1,1
148,1,0,1,0,1,0,0,0,1,0,1,0,1,0,0,454,77,151,8,1,0
149,0,1,0,1,1,0,0,0,1,0,1,0,0,1,0,328,15,78,8,1,1
150,0,1,1,0,1,0,0,0,1,0,1,0,1,0,0,394,0,71,8,0,0
151,0,1,0,1,1,0,0,0,1,0,0,1,1,0,0,89,230,105,8,1,1
152,0,1,1,0,1,0,0,0,1,0,1,0,0,0,1,442,0,160,8,1,0
153,0,1,0,1,0,0,1,0,0,1,1,0,1,0,0,60,0,66,8,1,0
154,0,1,1,0,1,0,0,0,1,0,1,0,0,0,1,179,0,14,8,1,1
155,0,1,0,1,0,0,0,1,1,0,1,0,0,1,0,501,0,201,5,0,1
156,0,1,0,1,0,1,0,0,1,0,1,0,1,0,0,381,0,113,8,1,1
157,0,1,0,1,0,1,0,0,1,0,1,0,0,0,1,449,0,133,8,1,1
158,0,1,1,0,1,0,0,0,1,0,1,0,1,0,0,136,130,73,8,1,1
159,0,1,0,1,1,0,0,0,1,0,1,0,0,1,0,306,267,164,8,1,1
160,0,1,0,1,1,0,0,0,0,1,1,0,0,1,0,25,27,51,8,1,1
161,0,1,0,1,1,0,0,0,1,0,1,0,0,0,1,428,0,170,8,1,0
162,0,1,0,1,0,1,0,0,1,0,1,0,0,1,0,156,40,74,8,0,0
163,0,1,0,1,0,0,1,0,1,0,1,0,1,0,0,280,54,111,8,1,1
164,0,1,0,1,1,0,0,0,1,0,1,0,0,0,1,444,0,33,5,1,1
165,0,1,0,1,1,0,0,0,1,0,1,0,1,0,0,234,207,129,8,1,1
166,1,0,0,1,1,0,0,0,1,0,1,0,1,0,0,306,0,65,8,1,0
167,0,1,0,1,1,0,0,0,1,0,1,0,1,0,0,75,215,82,8,1,1
168,0,1,1,0,1,0,0,0,1,0,1,0,0,1,0,56,0,24,9,0,0
169,0,1,0,1,0,0,1,0,1,0,1,0,0,1,0,430,0,140,8,1,1
170,0,1,0,1,1,0,0,0,0,1,1,0,1,0,0,20,88,48,8,1,1
171,0,1,0,1,0,0,0,1,1,0,1,0,0,0,1,502,0,203,7,1,1
172,0,1,0,1,0,0,0,1,0,1,1,0,1,0,0,209,0,37,5,1,0
173,0,1,0,1,1,0,0,0,1,0,1,0,0,1,0,366,267,133,8,1,1
174,0,1,0,1,1,0,0,0,0,1,0,1,0,1,0,295,12,42,8,1,0
175,0,1,0,1,1,0,0,0,1,0,1,0,1,0,0,206,114,69,8,1,1
176,0,1,0,1,0,0,1,0,1,0,1,0,1,0,0,39,71,54,8,1,1
177,0,1,0,1,0,0,0,1,1,0,1,0,0,1,0,358,283,197,8,0,0
178,0,1,0,1,0,1,0,0,1,0,1,0,0,1,0,240,0,69,8,1,1
179,0,1,1,0,1,0,0,0,0,1,1,0,0,0,1,65,55,55,9,0,0
180,0,1,0,1,0,1,0,0,1,0,1,0,0,0,1,399,276,127,8,0,0
181,0,1,1,0,1,0,0,0,1,0,1,0,1,0,0,29,260,27,8,1,0
182,0,1,0,1,1,0,0,0,1,0,1,0,0,1,0,307,0,31,5,1,1
183,0,1,0,1,0,1,0,0,1,0,1,0,0,1,0,498,0,167,8,1,0
184,1,0,0,1,1,0,0,0,1,0,1,0,0,1,0,225,0,61,8,1,1
185,0,1,0,1,1,0,0,0,1,0,0,1,0,1,0,500,256,73,8,1,1
186,0,1,0,1,0,1,0,0,1,0,0,1,1,0,0,51,0,26,7,0,0
187,0,1,0,1,1,0,0,0,1,0,1,0,1,0,0,69,136,19,8,1,1
188,0,1,0,1,1,0,0,0,1,0,0,1,1,0,0,4,263,120,8,1,1
189,0,1,0,1,1,0,0,0,1,0,1,0,1,0,0,445,0,134,5,1,1
190,0,1,1,0,1,0,0,0,0,1,1,0,1,0,0,330,0,13,8,1,1
191,0,1,1,0,1,0,0,0,1,0,1,0,0,1,0,468,0,116,8,1,0
192,0,1,0,1,1,0,0,0,0,1,1,0,0,0,1,382,0,113,8,1,0
193,0,1,1,0,1,0,0,0,1,0,1,0,0,1,0,251,0,34,8,1,1
194,0,1,1,0,1,0,0,0,1,0,1,0,1,0,0,283,0,73,8,1,1
195,0,1,0,1,0,1,0,0,1,0,1,0,0,1,0,160,179,121,8,1,0
196,0,1,1,0,1,0,0,0,1,0,1,0,1,0,0,434,230,133,8,1,1
197,1,0,1,0,1,0,0,0,0,1,1,0,0,0,1,28,161,73,8,1,1
198,1,0,0,1,1,0,0,0,1,0,1,0,0,1,0,196,188,66,8,1,1
199,0,1,1,0,1,0,0,0,1,0,0,1,0,0,1,462,0,38,8,1,0
200,0,1,0,1,0,1,0,0,0,1,1,0,0,1,0,91,173,45,8,1,1
201,0,1,1,0,0,0,1,0,1,0,1,0,0,1,0,334,0,118,8,0,1
202,0,1,0,1,0,0,0,1,0,1,1,0,0,0,1,266,0,100,5,1,0
203,0,1,0,1,0,1,0,0,0,1,1,0,0,0,1,207,28,88,8,1,1
204,0,1,0,1,0,0,1,0,0,1,1,0,0,1,0,259,0,77,8,1,1
205,1,0,1,0,1,0,0,0,0,1,1,0,0,1,0,300,0,73,8,1,1
206,1,0,1,0,1,0,0,0,1,0,1,0,0,0,1,176,0,36,8,1,1
207,0,1,1,0,1,0,0,0,0,1,1,0,1,0,0,263,176,17,8,1,1
208,0,1,1,0,1,0,0,0,1,0,1,0,0,0,1,78,0,20,8,1,1
209,0,1,1,0,1,0,0,0,1,0,1,0,0,1,0,198,0,80,8,1,0
210,1,0,1,0,1,0,0,0,1,0,1,0,0,1,0,454,0,148,8,1,0
211,0,1,0,1,0,0,0,1,1,0,1,0,0,1,0,200,37,81,8,0,0
212,0,1,0,1,0,1,0,0,1,0,0,1,0,0,1,426,0,157,8,1,1
213,0,1,0,1,0,0,0,1,0,1,0,1,1,0,0,365,0,83,8,1,1
214,0,1,0,1,1,0,0,0,1,0,1,0,0,0,1,167,200,90,8,1,1
215,0,1,0,1,0,0,0,1,0,1,1,0,0,1,0,250,18,53,8,1,1
216,0,1,0,1,1,0,0,0,1,0,1,0,1,0,0,0,94,88,8,1,0
217,0,1,0,1,1,0,0,0,1,0,1,0,0,1,0,238,90,84,8,1,1
218,0,1,0,1,0,0,1,0,1,0,1,0,0,1,0,338,0,30,8,0,0
219,1,0,0,1,0,0,1,0,1,0,1,0,0,1,0,288,163,80,8,1,1
220,0,1,0,1,1,0,0,0,1,0,1,0,0,0,1,55,0,21,8,0,0
221,0,1,0,1,0,0,1,0,1,0,1,0,0,1,0,270,83,69,8,1,1
222,0,1,1,0,1,0,0,0,1,0,1,0,0,1,0,135,186,97,8,1,1
223,0,1,0,1,1,0,0,0,1,0,1,0,0,1,0,421,22,124,8,1,1
224,0,1,0,1,1,0,0,0,1,0,1,0,0,1,0,392,0,81,8,1,1
225,0,1,0,1,1,0,0,0,1,0,1,0,1,0,0,178,0,121,8,1,0
226,0,1,0,1,0,0,1,0,0,1,0,1,0,0,1,322,0,91,8,1,0
227,0,1,0,1,0,0,1,0,1,0,1,0,0,1,0,392,80,146,8,1,1
228,0,1,1,0,1,0,0,0,1,0,1,0,0,1,0,325,0,111,9,1,1
229,0,1,1,0,1,0,0,0,1,0,0,1,1,0,0,399,0,140,8,1,1
230,0,1,0,1,0,1,0,0,1,0,1,0,0,1,0,81,126,57,8,1,1
231,0,1,0,1,1,0,0,0,1,0,1,0,1,0,0,236,0,8,5,1,1
232,0,1,1,0,1,0,0,0,0,1,1,0,1,0,0,170,180,73,8,1,1
233,1,0,1,0,1,0,0,0,1,0,1,0,0,1,0,434,0,172,8,1,1
234,0,1,0,1,0,1,0,0,1,0,1,0,0,1,0,162,91,93,8,1,1
235,0,1,0,1,0,1,0,0,1,0,1,0,1,0,0,356,39,121,8,1,1
236,0,1,0,1,1,0,0,0,1,0,0,1,0,0,1,368,0,164,8,1,0
237,1,0,1,0,1,0,0,0,1,0,0,1,0,0,1,203,0,75,8,1,1
238,1,0,1,0,0,1,0,0,1,0,1,0,1,0,0,244,0,65,8,1,1
239,0,1,0,1,0,1,0,0,1,0,1,0,0,1,0,183,0,49,8,1,1
240,0,1,0,1,0,0,1,0,1,0,1,0,1,0,0,373,259,73,8,1,1
241,0,1,0,1,0,1,0,0,0,1,1,0,0,0,1,86,115,93,5,1,0
242,0,1,1,0,1,0,0,0,1,0,1,0,0,0,1,134,269,108,2,1,1
243,0,1,0,1,0,0,1,0,1,0,0,1,1,0,0,392,42,61,8,1,1
244,0,1,0,1,1,0,0,0,0,1,1,0,0,1,0,194,249,76,8,1,1
245,0,1,1,0,1,0,0,0,1,0,0,1,0,0,1,384,247,73,5,1,0
246,0,1,0,1,0,0,1,0,1,0,1,0,0,0,1,451,0,65,8,1,1
247,0,1,0,1,0,1,0,0,0,1,1,0,0,0,1,404,0,90,5,1,1
248,0,1,0,1,0,1,0,0,1,0,1,0,0,1,0,121,101,76,9,1,1
249,0,1,0,1,1,0,0,0,1,0,1,0,0,0,1,18,105,45,8,1,1
250,0,1,0,1,1,0,0,0,0,1,1,0,0,1,0,14,235,141,8,0,0
251,1,0,1,0,0,0,1,0,1,0,1,0,0,0,1,199,0,91,8,1,0
252,0,1,1,0,1,0,0,0,0,1,0,1,1,0,0,90,141,57,8,1,1
253,0,1,0,1,0,1,0,0,0,1,1,0,0,1,0,98,273,171,5,1,1
254,0,1,1,0,1,0,0,0,1,0,0,1,0,0,1,482,0,137,8,0,0
255,1,0,1,0,0,0,0,1,1,0,1,0,1,0,0,153,0,164,8,1,1
256,0,1,1,0,1,0,0,0,0,1,1,0,1,0,0,383,0,68,8,0,0
257,0,1,0,1,0,0,0,1,1,0,1,0,0,0,1,347,0,47,8,1,0
258,0,1,0,1,1,0,0,0,1,0,1,0,1,0,0,475,132,178,8,1,0
259,0,1,0,1,0,0,0,1,0,1,1,0,0,1,0,335,0,81,8,1,0
260,0,1,0,1,0,1,0,0,1,0,1,0,0,0,1,387,243,185,8,1,1
261,0,1,1,0,1,0,0,0,1,0,1,0,0,1,0,41,145,87,8,1,1
262,1,0,1,0,0,1,0,0,1,0,1,0,0,1,0,205,0,108,1,1,0
263,1,0,1,0,1,0,0,0,1,0,1,0,1,0,0,416,0,73,8,1,1
264,0,1,1,0,1,0,0,0,1,0,0,1,0,1,0,343,0,81,8,1,1
265,0,1,1,0,1,0,0,0,1,0,1,0,1,0,0,273,221,104,8,1,1
266,0,1,0,1,0,0,1,0,1,0,1,0,0,1,0,320,46,103,8,1,1
267,0,1,0,1,0,0,0,1,1,0,1,0,0,0,1,293,96,113,8,0,1
268,1,0,1,0,1,0,0,0,1,0,1,0,1,0,0,198,0,88,8,1,0
269,1,0,1,0,0,1,0,0,1,0,1,0,0,0,1,120,65,45,8,1,1
270,1,0,1,0,1,0,0,0,1,0,1,0,0,0,1,175,0,4,8,1,1
271,0,1,0,1,1,0,0,0,1,0,1,0,0,0,1,463,0,89,8,1,1
272,0,1,1,0,1,0,0,0,1,0,1,0,1,0,0,117,103,79,8,1,1
273,0,1,0,1,1,0,0,0,1,0,1,0,0,1,0,93,147,103,8,1,1
274,0,1,0,1,0,0,1,0,1,0,1,0,0,1,0,257,0,45,8,1,1
275,0,1,0,1,0,1,0,0,1,0,1,0,0,1,0,109,100,68,8,1,1
276,0,1,0,1,1,0,0,0,1,0,1,0,0,1,0,267,213,143,8,1,1
277,0,1,0,1,1,0,0,0,1,0,1,0,0,0,1,159,42,36,8,1,1
278,0,1,0,1,1,0,0,0,1,0,1,0,0,1,0,474,0,194,8,1,1
279,1,0,0,1,1,0,0,0,0,1,1,0,1,0,0,274,0,77,8,1,1
280,0,1,1,0,0,1,0,0,0,1,0,1,0,0,1,272,168,111,8,0,0
281,0,1,0,1,1,0,0,0,1,0,1,0,0,1,0,260,14,65,8,1,1
282,0,1,0,1,0,0,1,0,1,0,1,0,0,0,1,62,19,35,5,1,1
283,1,0,1,0,1,0,0,0,1,0,1,0,0,0,1,19,77,16,8,1,1
284,0,1,0,1,1,0,0,0,1,0,1,0,1,0,0,495,0,100,8,1,0
285,0,1,1,0,1,0,0,0,1,0,1,0,1,0,0,163,203,44,8,1,1
286,1,0,1,0,1,0,0,0,1,0,0,1,0,1,0,91,83,52,7,1,0
287,0,1,0,1,1,0,0,0,1,0,1,0,1,0,0,233,118,73,8,1,1
288,1,0,1,0,1,0,0,0,1,0,1,0,0,1,0,276,0,68,8,1,1
289,0,1,1,0,1,0,0,0,1,0,1,0,1,0,0,448,0,133,8,1,1
290,0,1,0,1,1,0,0,0,1,0,1,0,1,0,0,152,166,92,8,1,1
291,0,1,0,1,0,0,1,0,1,0,1,0,0,1,0,299,0,80,8,0,0
292,0,1,0,1,0,0,1,0,1,0,1,0,0,0,1,161,65,87,8,1,1
293,1,0,1,0,1,0,0,0,1,0,1,0,0,0,1,353,0,96,9,0,0
294,0,1,0,1,1,0,0,0,1,0,1,0,0,1,0,69,216,122,8,1,1
295,0,1,0,1,0,0,0,1,1,0,1,0,0,0,1,301,37,63,8,1,1
296,0,1,0,1,0,1,0,0,1,0,1,0,0,1,0,410,0,140,8,1,1
297,1,0,0,1,0,1,0,0,1,0,1,0,0,0,1,313,0,88,8,1,1
298,1,0,1,0,1,0,0,0,1,0,1,0,1,0,0,338,177,104,9,1,0
299,0,1,0,1,0,1,0,0,1,0,1,0,0,0,1,37,195,66,8,1,0
300,0,1,0,1,1,0,0,0,0,1,1,0,0,0,1,17,196,46,8,0,0
301,0,1,0,1,1,0,0,0,0,1,1,0,0,1,0,119,87,58,8,1,1
302,1,0,1,0,1,0,0,0,1,0,1,0,1,0,0,338,0,85,8,1,1
303,0,1,0,1,0,1,0,0,1,0,1,0,0,0,1,13,95,49,8,1,1
304,0,1,1,0,1,0,0,0,1,0,1,0,1,0,0,268,173,93,8,1,1
305,0,1,1,0,1,0,0,0,0,1,1,0,0,0,1,36,0,100,8,1,0
306,1,0,1,0,1,0,0,0,1,0,1,0,1,0,0,241,77,88,8,1,1
307,1,0,1,0,1,0,0,0,1,0,1,0,0,0,1,71,104,57,8,0,0
308,0,1,1,0,1,0,0,0,1,0,1,0,1,0,0,494,0,195,8,1,0
309,0,1,0,1,0,0,1,0,0,1,1,0,1,0,0,424,0,131,8,1,1
310,1,0,1,0,1,0,0,0,1,0,1,0,0,1,0,126,0,39,8,1,1
311,0,1,1,0,1,0,0,0,0,1,1,0,0,1,0,128,165,64,8,1,1
312,1,0,1,0,1,0,0,0,1,0,1,0,1,0,0,85,0,18,8,1,1
313,0,1,0,1,0,0,1,0,1,0,0,1,1,0,0,368,0,97,3,1,1
314,0,1,0,1,1,0,0,0,1,0,1,0,1,0,0,77,101,112,8,1,0
315,0,1,0,1,0,1,0,0,0,1,1,0,0,0,1,192,74,64,5,1,1
316,0,1,0,1,0,0,1,0,1,0,1,0,0,1,0,237,0,73,8,1,1
317,0,1,0,1,1,0,0,0,1,0,1,0,0,0,1,40,135,43,8,1,1
318,1,0,1,0,0,1,0,0,1,0,1,0,0,1,0,212,0,65,8,1,1
319,0,1,0,1,0,1,0,0,1,0,0,1,1,0,0,454,0,108,8,1,0
320,0,1,0,1,1,0,0,0,1,0,1,0,0,1,0,71,141,68,8,1,1
321,0,1,0,1,0,0,0,1,1,0,1,0,0,1,0,294,2,77,8,1,1
322,0,1,0,1,0,0,1,0,0,1,1,0,1,0,0,222,67,100,8,1,1
323,1,0,1,0,1,0,0,0,1,0,1,0,1,0,0,165,197,85,8,1,1
324,0,1,0,1,0,0,0,1,1,0,1,0,1,0,0,479,0,177,8,1,1
325,0,1,0,1,0,1,0,0,1,0,0,1,1,0,0,438,257,190,8,0,0
326,0,1,1,0,1,0,0,0,1,0,1,0,1,0,0,333,0,83,8,0,1
327,0,1,0,1,1,0,0,0,1,0,0,1,0,1,0,372,139,130,8,1,1
328,1,0,0,1,1,0,0,0,1,0,1,0,0,0,1,293,170,63,8,1,0
329,1,0,1,0,1,0,0,0,1,0,1,0,0,0,1,84,0,27,8,1,1
330,0,1,1,0,0,1,0,0,1,0,1,0,0,0,1,298,93,70,8,1,1
331,0,1,1,0,1,0,0,0,1,0,1,0,0,1,0,130,0,51,8,1,1
332,0,1,1,0,1,0,0,0,1,0,1,0,0,0,1,117,0,29,8,1,1
333,0,1,0,1,1,0,0,0,1,0,0,1,0,0,1,503,0,196,5,1,1
334,0,1,0,1,0,1,0,0,1,0,0,1,0,0,1,452,98,129,5,1,1
335,0,1,0,1,0,1,0,0,1,0,0,1,0,1,0,357,251,28,8,1,1
336,0,1,0,1,0,1,0,0,1,0,0,1,1,0,0,347,10,113,8,1,1
337,0,1,0,1,0,0,1,0,1,0,0,1,1,0,0,84,254,125,8,1,1
338,1,0,1,0,0,0,0,1,0,1,1,0,0,0,1,22,0,100,8,0,0
339,1,0,1,0,1,0,0,0,1,0,1,0,0,1,0,278,0,29,8,1,1
340,0,1,0,1,0,0,0,1,0,1,1,0,1,0,0,96,66,123,8,1,0
341,1,0,1,0,1,0,0,0,1,0,1,0,1,0,0,68,0,11,8,1,0
342,0,1,0,1,0,1,0,0,0,1,1,0,0,0,1,304,36,111,8,1,1
343,0,1,0,1,0,0,0,1,0,1,1,0,0,1,0,167,0,32,8,1,1
344,0,1,0,1,0,0,1,0,1,0,1,0,1,0,0,90,156,78,8,1,1
345,0,1,0,1,1,0,0,0,1,0,1,0,0,1,0,83,171,113,8,1,1
346,0,1,0,1,0,0,1,0,0,1,1,0,1,0,0,210,209,105,8,0,0
347,0,1,0,1,0,0,1,0,0,1,1,0,0,0,1,153,142,79,8,1,1
348,0,1,0,1,1,0,0,0,1,0,1,0,0,1,0,397,252,166,8,1,1
349,0,1,0,1,1,0,0,0,1,0,1,0,1,0,0,94,270,133,8,1,1
350,0,1,0,1,1,0,0,0,1,0,1,0,0,1,0,441,0,152,8,1,1
351,0,1,1,0,1,0,0,0,1,0,1,0,1,0,0,439,240,179,8,1,0
352,0,1,0,1,0,0,0,1,1,0,1,0,1,0,0,99,130,48,8,1,1
353,1,0,0,1,1,0,0,0,1,0,0,1,1,0,0,356,0,58,8,0,0
354,1,0,0,1,1,0,0,0,1,0,1,0,0,1,0,72,7,83,8,1,1
355,1,0,1,0,0,0,1,0,1,0,1,0,0,0,1,245,0,69,5,1,1
356,0,1,0,1,0,0,1,0,1,0,1,0,1,0,0,434,208,117,8,1,1
357,0,1,0,1,0,1,0,0,1,0,1,0,0,0,1,255,0,27,8,1,0
358,0,1,0,1,1,0,0,0,0,1,1,0,0,0,1,139,77,53,9,0,0
359,0,1,0,1,0,0,0,1,1,0,1,0,0,1,0,344,208,140,8,1,1
360,1,0,1,0,0,1,0,0,1,0,1,0,0,1,0,321,0,37,8,1,0
361,0,1,0,1,0,0,1,0,1,0,1,0,0,1,0,338,228,155,8,1,1
362,0,1,0,1,1,0,0,0,1,0,1,0,0,0,1,323,157,83,8,1,1
363,0,1,0,1,1,0,0,0,1,0,1,0,0,0,1,141,202,48,7,1,1
364,0,1,1,0,1,0,0,0,1,0,0,1,1,0,0,409,0,94,8,1,1
365,0,1,1,0,1,0,0,0,0,1,1,0,1,0,0,391,0,86,8,1,0
366,0,1,1,0,1,0,0,0,1,0,1,0,0,1,0,84,0,49,9,1,0
367,0,1,1,0,1,0,0,0,1,0,1,0,1,0,0,342,0,77,8,0,0
368,0,1,0,1,0,1,0,0,1,0,1,0,0,1,0,396,0,124,8,1,1
369,0,1,0,1,1,0,0,0,1,0,1,0,1,0,0,492,262,200,8,1,0
370,1,0,1,0,1,0,0,0,1,0,0,1,0,1,0,480,0,17,8,1,1
371,0,1,0,1,0,0,1,0,1,0,1,0,0,1,0,345,0,108,8,1,1
372,0,1,0,1,0,0,1,0,1,0,0,1,1,0,0,444,278,191,7,1,1
373,0,1,1,0,0,1,0,0,1,0,1,0,0,0,1,148,116,64,5,0,0
374,1,0,1,0,1,0,0,0,1,0,1,0,0,0,1,111,57,63,8,1,1
375,0,1,0,1,1,0,0,0,1,0,1,0,0,0,1,326,17,73,5,1,1
376,0,1,0,1,0,0,0,1,1,0,1,0,1,0,0,439,258,83,8,1,1
377,0,1,0,1,1,0,0,0,1,0,1,0,0,1,0,292,0,83,8,1,1
378,0,1,1,0,1,0,0,0,1,0,1,0,0,0,1,149,0,29,9,1,0
379,0,1,0,1,0,0,1,0,1,0,1,0,0,0,1,352,0,83,8,1,1
380,0,1,0,1,1,0,0,0,1,0,1,0,0,1,0,186,173,81,8,1,1
381,0,1,1,0,1,0,0,0,1,0,1,0,0,1,0,379,242,176,8,1,1
382,1,0,1,0,1,0,0,0,1,0,1,0,0,0,1,381,0,109,8,1,1
383,0,1,1,0,1,0,0,0,1,0,0,1,0,0,1,415,0,81,8,1,1
384,0,1,0,1,0,0,1,0,1,0,1,0,0,0,1,305,0,53,8,1,0
385,0,1,1,0,0,1,0,0,1,0,1,0,0,0,1,228,0,66,5,1,1
386,0,1,1,0,1,0,0,0,0,1,1,0,0,1,0,66,69,85,8,1,1
387,0,1,0,1,1,0,0,0,0,1,1,0,0,0,1,140,205,100,8,0,0
388,0,1,0,1,1,0,0,0,1,0,1,0,0,0,1,65,167,89,8,1,1
389,0,1,0,1,1,0,0,0,1,0,1,0,1,0,0,355,0,78,8,1,1
390,0,1,1,0,0,0,0,1,1,0,1,0,1,0,0,443,0,131,8,1,1
391,0,1,0,1,0,0,0,1,1,0,1,0,1,0,0,447,0,170,8,1,1
392,0,1,0,1,1,0,0,0,1,0,1,0,0,0,1,90,133,73,8,1,1
393,0,1,0,1,0,0,1,0,0,1,1,0,0,1,0,35,72,66,5,1,1
394,0,1,0,1,0,0,1,0,1,0,1,0,0,0,1,158,48,66,8,1,1
395,0,1,0,1,0,0,1,0,1,0,1,0,0,1,0,181,6,88,8,1,1
396,1,0,1,0,1,0,0,0,1,0,1,0,0,0,1,168,0,29,8,0,0
397,0,1,0,1,1,0,0,0,1,0,1,0,0,0,1,145,57,48,8,1,1
398,0,1,1,0,1,0,0,0,0,1,1,0,1,0,0,258,77,62,8,1,1
399,1,0,1,0,1,0,0,0,1,0,1,0,0,1,0,10,94,56,8,0,0
400,0,1,0,1,0,0,1,0,0,1,1,0,0,0,1,122,0,10,5,0,0
401,0,1,1,0,1,0,0,0,0,1,1,0,1,0,0,110,0,25,7,1,0
402,0,1,1,0,1,0,0,0,1,0,1,0,0,1,0,84,284,56,8,1,1
403,1,0,1,0,1,0,0,0,0,1,1,0,0,1,0,33,0,15,8,1,1
404,1,0,1,0,1,0,0,0,1,0,0,1,1,0,0,419,0,138,8,1,0
405,1,0,1,0,1,0,0,0,1,0,1,0,0,1,0,303,0,68,8,1,1
406,0,1,0,1,1,0,0,0,0,1,1,0,0,0,1,50,164,68,8,1,1
407,1,0,1,0,1,0,0,0,0,1,1,0,1,0,0,53,0,26,8,1,1
408,0,1,0,1,0,1,0,0,1,0,1,0,0,1,0,433,0,105,7,0,0
409,0,1,0,1,0,0,0,1,1,0,1,0,1,0,0,504,0,188,8,0,0
410,1,0,1,0,0,1,0,0,0,1,0,1,0,1,0,254,0,23,8,1,0
411,0,1,0,1,1,0,0,0,1,0,1,0,0,0,1,393,0,113,8,1,1
412,0,1,0,1,1,0,0,0,0,1,1,0,1,0,0,388,0,150,8,0,0
413,0,1,0,1,1,0,0,0,0,1,1,0,1,0,0,58,122,63,8,1,1
414,1,0,0,1,1,0,0,0,0,1,1,0,0,1,0,48,210,126,8,0,0
415,1,0,1,0,1,0,0,0,1,0,1,0,0,0,1,138,0,21,8,1,1
416,1,0,1,0,0,1,0,0,1,0,1,0,0,0,1,91,0,113,8,1,0
417,0,1,0,1,0,0,1,0,1,0,0,1,0,0,1,12,284,156,8,1,0
418,0,1,0,1,1,0,0,0,1,0,1,0,1,0,0,6,184,65,8,1,1
419,0,1,0,1,1,0,0,0,1,0,1,0,0,1,0,177,50,91,8,1,1
420,0,1,0,1,1,0,0,0,1,0,1,0,1,0,0,375,0,91,8,1,1
421,1,0,1,0,1,0,0,0,0,1,1,0,0,0,1,107,0,36,8,0,0
422,0,1,0,1,1,0,0,0,1,0,1,0,0,0,1,20,84,53,8,1,1
423,0,1,0,1,0,1,0,0,1,0,1,0,0,0,1,417,78,63,8,0,0
424,0,1,0,1,1,0,0,0,1,0,1,0,0,1,0,477,0,49,8,1,1
425,0,1,0,1,1,0,0,0,1,0,1,0,1,0,0,99,245,74,8,1,1
426,1,0,1,0,0,1,0,0,0,1,1,0,1,0,0,308,0,37,8,1,0
427,0,1,0,1,0,0,1,0,1,0,1,0,0,1,0,378,0,86,8,1,1
428,0,1,0,1,1,0,0,0,1,0,1,0,1,0,0,127,1,42,8,1,1
429,0,1,1,0,1,0,0,0,0,1,1,0,0,0,1,105,0,21,5,1,1
430,1,0,1,0,0,1,0,0,1,0,0,1,0,1,0,437,0,103,8,1,1
431,0,1,1,0,1,0,0,0,1,0,1,0,1,0,0,402,0,58,8,0,0
432,0,1,1,0,1,0,0,0,1,0,1,0,0,1,0,471,0,193,8,1,1
433,0,1,0,1,1,0,0,0,1,0,1,0,0,1,0,73,159,96,8,1,1
434,0,1,1,0,1,0,0,0,1,0,1,0,0,0,1,240,0,53,8,1,1
435,1,0,1,0,1,0,0,0,1,0,1,0,0,1,0,455,0,100,6,1,1
436,0,1,1,0,1,0,0,0,1,0,1,0,0,1,0,30,102,14,8,1,1
437,0,1,0,1,1,0,0,0,1,0,1,0,0,0,1,53,30,100,8,1,1
438,0,1,1,0,1,0,0,0,1,0,0,1,0,0,1,458,0,133,8,0,0
439,1,0,0,1,1,0,0,0,0,1,0,1,1,0,0,414,0,91,8,1,1
440,0,1,1,0,1,0,0,0,1,0,1,0,0,1,0,227,261,133,8,1,1
441,0,1,0,1,1,0,0,0,1,0,1,0,1,0,0,427,98,127,8,1,1
442,0,1,1,0,0,0,0,1,0,1,1,0,0,1,0,319,117,101,8,1,1
443,0,1,1,0,0,1,0,0,1,0,1,0,0,1,0,499,0,105,8,1,1
444,0,1,0,1,1,0,0,0,1,0,1,0,1,0,0,418,280,124,7,1,1
445,0,1,0,1,0,1,0,0,1,0,0,1,1,0,0,204,34,83,8,1,1
446,0,1,0,1,0,0,1,0,0,1,1,0,1,0,0,312,0,63,8,1,1
447,0,1,0,1,1,0,0,0,1,0,1,0,1,0,0,211,45,17,8,1,0
448,0,1,0,1,0,0,1,0,1,0,1,0,1,0,0,187,82,103,8,0,0
449,0,1,1,0,0,1,0,0,0,1,0,1,0,1,0,113,64,135,8,1,0
450,0,1,0,1,0,0,1,0,0,1,1,0,1,0,0,63,38,78,8,0,0
451,0,1,0,1,0,0,1,0,0,1,1,0,0,0,1,32,56,21,7,1,1
452,0,1,0,1,1,0,0,0,1,0,1,0,1,0,0,262,85,102,8,0,0
453,0,1,0,1,1,0,0,0,1,0,1,0,1,0,0,79,172,45,5,0,1
454,0,1,1,0,1,0,0,0,1,0,0,1,0,1,0,412,0,39,8,1,1
455,0,1,0,1,0,0,1,0,1,0,1,0,0,1,0,252,0,49,8,1,1
456,0,1,0,1,1,0,0,0,1,0,1,0,0,0,1,291,0,71,8,1,1
457,0,1,0,1,1,0,0,0,1,0,1,0,0,0,1,235,178,123,8,1,0
458,0,1,1,0,0,0,1,0,1,0,1,0,1,0,0,297,0,89,8,1,1
459,0,1,0,1,1,0,0,0,1,0,1,0,0,1,0,435,0,113,8,1,0
460,0,1,0,1,1,0,0,0,1,0,0,1,0,1,0,43,238,113,8,1,1
461,0,1,0,1,0,0,0,1,1,0,1,0,0,0,1,425,0,81,5,1,1
462,0,1,0,1,1,0,0,0,1,0,1,0,1,0,0,142,143,106,8,1,1
463,1,0,1,0,0,1,0,0,0,1,1,0,0,1,0,346,0,85,8,1,1
464,0,1,1,0,1,0,0,0,1,0,1,0,0,1,0,279,0,51,8,0,0
465,0,1,1,0,1,0,0,0,1,0,1,0,1,0,0,381,0,93,8,1,1
466,0,1,0,1,0,0,0,1,0,1,1,0,0,0,1,131,76,28,5,0,0
467,1,0,0,1,1,0,0,0,1,0,1,0,0,1,0,486,0,63,8,1,1
468,1,0,0,1,0,0,1,0,0,1,1,0,0,1,0,1,194,51,8,1,1
469,0,1,0,1,1,0,0,0,1,0,1,0,0,0,1,293,170,63,8,1,0
470,0,1,0,1,0,1,0,0,1,0,0,1,0,1,0,201,129,115,8,1,1
471,0,1,0,1,0,1,0,0,0,1,1,0,1,0,0,97,59,66,5,0,0
472,0,1,0,1,0,0,0,1,1,0,1,0,0,1,0,316,0,53,8,1,1
473,1,0,1,0,1,0,0,0,1,0,0,1,0,0,1,84,0,46,8,1,1
474,0,1,1,0,0,0,1,0,1,0,1,0,1,0,0,359,255,115,8,1,1
475,0,1,0,1,0,0,1,0,1,0,0,1,1,0,0,483,23,103,8,1,1
476,0,1,0,1,0,0,1,0,1,0,1,0,0,1,0,406,87,153,7,1,1
477,0,1,0,1,0,0,1,0,1,0,1,0,0,1,0,118,106,85,8,0,0
478,0,1,0,1,0,1,0,0,1,0,0,1,0,1,0,485,149,41,8,1,1
479,0,1,0,1,0,0,1,0,1,0,1,0,0,0,1,131,70,100,8,1,0
480,1,0,1,0,1,0,0,0,0,1,1,0,1,0,0,296,0,107,8,1,1
481,0,1,0,1,0,0,0,1,0,1,1,0,1,0,0,157,0,66,8,1,1
482,0,1,0,1,1,0,0,0,1,0,1,0,0,1,0,43,206,81,8,1,1
483,0,1,0,1,1,0,0,0,1,0,1,0,0,1,0,461,0,154,8,1,1
484,0,1,0,1,0,0,1,0,1,0,1,0,0,1,0,434,0,161,8,1,1
485,0,1,0,1,0,1,0,0,0,1,1,0,1,0,0,32,169,84,8,1,1
486,0,1,1,0,0,0,1,0,1,0,1,0,1,0,0,213,0,36,8,0,0
487,0,1,0,1,0,1,0,0,1,0,1,0,0,0,1,490,0,199,8,1,0
488,0,1,0,1,0,0,1,0,1,0,0,1,0,1,0,306,130,113,8,1,1
489,0,1,1,0,1,0,0,0,1,0,1,0,0,0,1,74,0,33,8,1,0
490,0,1,1,0,1,0,0,0,0,1,1,0,0,1,0,103,185,49,8,1,1
491,0,1,0,1,0,1,0,0,0,1,1,0,0,0,1,351,32,132,8,1,1
492,0,1,1,0,1,0,0,0,0,1,1,0,1,0,0,231,0,63,8,1,1
493,1,0,1,0,1,0,0,0,0,1,0,1,0,1,0,487,0,151,8,1,1
494,0,1,0,1,1,0,0,0,1,0,1,0,1,0,0,219,138,72,8,0,0
495,1,0,0,1,0,1,0,0,1,0,1,0,0,1,0,185,16,58,3,1,1
496,0,1,0,1,1,0,0,0,0,1,1,0,1,0,0,91,81,60,8,1,1
497,0,1,0,1,1,0,0,0,1,0,1,0,0,0,1,311,191,64,0,1,1
498,0,1,0,1,0,1,0,0,1,0,0,1,0,1,0,124,0,48,8,1,1
499,0,1,1,0,1,0,0,0,1,0,1,0,1,0,0,395,248,145,8,0,0
500,1,0,1,0,1,0,0,0,1,0,1,0,1,0,0,3,229,66,9,1,1
501,1,0,1,0,1,0,0,0,1,0,1,0,0,1,0,164,0,53,8,1,1
502,0,1,0,1,0,0,1,0,1,0,1,0,0,1,0,329,266,144,8,1,1
503,0,1,0,1,0,1,0,0,0,1,1,0,1,0,0,271,264,91,8,1,0
504,0,1,0,1,1,0,0,0,0,1,1,0,0,1,0,246,58,77,7,1,1
505,0,1,0,1,0,0,1,0,1,0,1,0,1,0,0,208,248,159,8,1,1
506,0,1,0,1,1,0,0,0,1,0,1,0,0,0,1,496,272,195,8,1,1
507,0,1,1,0,1,0,0,0,1,0,1,0,0,0,1,215,0,49,8,1,0
508,0,1,0,1,1,0,0,0,1,0,0,1,0,0,1,78,199,134,8,1,1
509,1,0,1,0,0,1,0,0,1,0,1,0,0,0,1,472,0,7,8,1,1
510,0,1,1,0,1,0,0,0,0,1,1,0,1,0,0,220,41,53,8,1,0
511,0,1,0,1,0,1,0,0,1,0,1,0,0,1,0,385,119,162,8,1,1
512,0,1,0,1,0,0,1,0,1,0,1,0,0,0,1,182,124,101,8,1,1
513,0,1,0,1,1,0,0,0,1,0,1,0,0,1,0,44,271,28,5,1,0
514,0,1,1,0,1,0,0,0,1,0,1,0,1,0,0,371,227,180,8,1,0
515,0,1,0,1,0,0,0,1,1,0,1,0,1,0,0,204,219,103,8,1,1
516,1,0,0,1,0,0,1,0,1,0,1,0,0,1,0,38,73,66,9,1,1
517,0,1,0,1,1,0,0,0,0,1,1,0,0,1,0,151,94,76,8,0,0
518,0,1,1,0,1,0,0,0,1,0,1,0,0,1,0,315,110,131,8,1,0
519,1,0,1,0,1,0,0,0,0,1,1,0,1,0,0,193,0,48,8,1,0
520,0,1,0,1,0,0,1,0,0,1,1,0,0,1,0,52,86,10,8,1,1
521,0,1,1,0,1,0,0,0,1,0,1,0,0,1,0,84,0,17,8,1,1
522,0,1,0,1,0,0,0,1,1,0,0,1,1,0,0,363,51,53,8,1,1
523,0,1,0,1,0,0,1,0,1,0,0,1,1,0,0,429,274,195,8,1,1
524,0,1,1,0,1,0,0,0,1,0,1,0,0,1,0,314,131,100,8,1,0
525,0,1,0,1,0,0,1,0,1,0,0,1,1,0,0,488,0,192,8,1,1
526,0,1,0,1,1,0,0,0,1,0,1,0,0,1,0,242,0,63,8,1,1
527,0,1,0,1,0,1,0,0,0,1,1,0,0,1,0,349,53,114,8,0,1
528,0,1,1,0,0,1,0,0,0,1,1,0,0,1,0,101,43,47,8,1,1
529,0,1,1,0,1,0,0,0,0,1,1,0,0,1,0,408,0,83,8,1,1
530,0,1,0,1,1,0,0,0,1,0,1,0,1,0,0,6,265,149,8,1,1
531,0,1,0,1,0,0,0,1,1,0,1,0,0,0,1,287,0,53,8,1,1
532,0,1,1,0,0,0,1,0,1,0,1,0,1,0,0,216,0,63,8,0,0
533,0,1,1,0,0,1,0,0,1,0,1,0,0,1,0,464,0,139,8,1,0
534,1,0,1,0,1,0,0,0,0,1,0,1,0,0,1,489,0,78,8,1,1
535,0,1,1,0,1,0,0,0,0,1,1,0,1,0,0,88,125,79,8,1,1
536,0,1,0,1,1,0,0,0,1,0,1,0,0,0,1,390,236,184,8,1,1
537,0,1,1,0,0,0,1,0,1,0,1,0,0,1,0,223,0,60,8,1,1
538,0,1,0,1,1,0,0,0,0,1,1,0,1,0,0,126,8,26,8,1,0
539,0,1,0,1,0,0,0,1,1,0,1,0,1,0,0,401,0,110,5,1,1
540,1,0,0,1,0,1,0,0,1,0,1,0,0,1,0,309,190,93,5,1,1
541,1,0,1,0,1,0,0,0,1,0,1,0,0,1,0,47,0,52,8,0,0
542,1,0,1,0,0,1,0,0,1,0,1,0,0,1,0,226,0,48,8,1,1
543,0,1,0,1,0,1,0,0,0,1,1,0,0,0,1,57,175,81,8,1,1
544,1,0,0,1,1,0,0,0,0,1,1,0,0,1,0,143,9,55,8,1,1
545,0,1,0,1,1,0,0,0,1,0,1,0,1,0,0,112,113,108,8,1,1
546,0,1,1,0,1,0,0,0,0,1,1,0,0,1,0,189,0,36,1,1,0
547,0,1,1,0,1,0,0,0,1,0,1,0,1,0,0,87,92,98,8,1,1
548,1,0,1,0,1,0,0,0,1,0,1,0,0,1,0,338,0,56,8,0,0
549,0,1,0,1,1,0,0,0,1,0,1,0,1,0,0,114,121,63,8,1,1
550,0,1,0,1,0,0,1,0,1,0,0,1,1,0,0,405,0,100,8,0,0
551,0,1,0,1,0,1,0,0,0,1,1,0,1,0,0,82,162,100,8,1,1
552,0,1,0,1,0,1,0,0,1,0,1,0,0,0,1,186,211,111,8,1,1
553,0,1,0,1,1,0,0,0,0,1,1,0,0,0,1,76,157,128,8,0,0
554,0,1,0,1,1,0,0,0,1,0,1,0,1,0,0,217,244,85,5,0,0
555,0,1,0,1,0,1,0,0,1,0,1,0,0,1,0,354,25,3,8,1,1
556,1,0,1,0,1,0,0,0,1,0,1,0,0,0,1,100,72,39,8,1,1
557,0,1,0,1,0,0,0,1,1,0,0,1,0,1,0,456,0,167,8,1,1
558,0,1,0,1,1,0,0,0,1,0,1,0,0,1,0,256,182,115,8,1,1
559,1,0,0,1,1,0,0,0,1,0,1,0,0,1,0,281,155,129,8,1,1
560,0,1,0,1,0,0,1,0,0,1,1,0,0,1,0,229,4,61,8,1,1
561,1,0,0,1,0,1,0,0,1,0,0,1,0,1,0,491,0,201,8,1,1
562,0,1,0,1,1,0,0,0,1,0,1,0,1,0,0,377,126,147,8,1,1
563,0,1,1,0,1,0,0,0,0,1,0,1,0,1,0,370,0,85,8,1,1
564,0,1,0,1,0,0,1,0,1,0,1,0,0,0,1,440,0,165,8,0,0
565,0,1,0,1,1,0,0,0,0,1,1,0,1,0,0,302,0,73,8,1,1
566,0,1,1,0,1,0,0,0,1,0,1,0,0,0,1,186,0,28,8,1,1
567,0,1,0,1,0,0,0,1,1,0,1,0,1,0,0,193,173,76,8,0,0
568,1,0,1,0,1,0,0,0,1,0,1,0,0,0,1,68,0,0,8,1,0
569,0,1,0,1,1,0,0,0,1,0,1,0,0,0,1,165,127,57,8,0,0
570,0,1,0,1,0,1,0,0,1,0,1,0,0,0,1,197,87,132,8,1,1
571,0,1,0,1,0,0,1,0,1,0,1,0,0,0,1,341,55,117,8,0,0
572,0,1,0,1,0,0,1,0,1,0,1,0,0,0,1,484,0,170,8,1,1
573,0,1,0,1,0,0,1,0,0,1,1,0,0,1,0,389,72,133,9,1,0
574,0,1,0,1,0,0,0,1,1,0,1,0,0,1,0,400,0,103,8,1,0
575,0,1,0,1,0,0,1,0,1,0,1,0,0,0,1,164,5,61,3,1,1
576,0,1,0,1,1,0,0,0,1,0,1,0,0,1,0,155,146,89,8,0,0
577,0,1,1,0,1,0,0,0,1,0,1,0,0,0,1,173,183,63,8,1,1
578,0,1,0,1,0,1,0,0,1,0,1,0,1,0,0,16,148,60,8,1,1
579,0,1,1,0,1,0,0,0,1,0,1,0,0,0,1,169,194,114,8,1,1
580,0,1,0,1,0,0,1,0,1,0,1,0,0,1,0,403,0,142,8,1,1
581,0,1,1,0,1,0,0,0,1,0,1,0,0,0,1,23,285,45,8,1,0
582,1,0,0,1,1,0,0,0,1,0,1,0,0,1,0,165,0,6,8,1,1
583,0,1,0,1,0,1,0,0,1,0,1,0,1,0,0,27,0,22,8,1,0
584,0,1,0,1,0,1,0,0,1,0,1,0,1,0,0,115,111,99,8,0,0
585,0,1,0,1,0,1,0,0,1,0,1,0,1,0,0,288,198,122,3,1,0
586,0,1,0,1,1,0,0,0,1,0,1,0,0,0,1,61,62,57,8,1,1
587,1,0,1,0,1,0,0,0,0,1,1,0,0,1,0,49,0,28,8,1,1
588,0,1,1,0,1,0,0,0,1,0,1,0,0,1,0,323,0,47,8,1,1
589,0,1,0,1,0,0,1,0,1,0,0,1,0,1,0,108,0,59,8,0,0
590,0,1,0,1,1,0,0,0,1,0,1,0,0,1,0,139,218,18,5,1,1
591,0,1,0,1,0,0,1,0,1,0,0,1,0,1,0,381,0,142,6,1,0
592,0,1,1,0,0,0,0,1,1,0,0,1,0,1,0,446,0,175,8,1,1
593,0,1,0,1,1,0,0,0,1,0,1,0,1,0,0,252,214,95,5,1,1
594,0,1,0,1,1,0,0,0,1,0,0,1,0,0,1,481,0,167,8,1,1
595,0,1,1,0,1,0,0,0,0,1,1,0,1,0,0,248,0,63,8,1,1
596,0,1,0,1,0,0,1,0,0,1,0,1,1,0,0,398,21,133,8,1,0
597,0,1,1,0,1,0,0,0,1,0,1,0,0,1,0,137,0,43,8,0,0
598,0,1,0,1,1,0,0,0,1,0,0,1,1,0,0,453,0,127,8,1,1
599,0,1,0,1,0,0,1,0,1,0,1,0,0,0,1,369,0,137,8,1,1
600,1,0,1,0,0,0,0,1,1,0,1,0,0,0,1,2,286,187,5,1,0
601,0,1,0,1,1,0,0,0,0,1,1,0,1,0,0,123,187,108,8,1,1
602,0,1,0,1,0,0,0,1,1,0,1,0,0,0,1,365,0,81,8,1,1
603,0,1,1,0,1,0,0,0,1,0,1,0,1,0,0,230,246,122,8,1,1
604,1,0,0,1,0,1,0,0,1,0,1,0,0,1,0,468,0,198,8,1,1
605,0,1,0,1,1,0,0,0,0,1,1,0,0,0,1,71,232,100,5,1,0
606,0,1,0,1,0,1,0,0,1,0,1,0,0,1,0,193,173,123,8,1,1
607,0,1,0,1,0,0,1,0,0,1,1,0,1,0,0,264,49,110,8,1,1
608,0,1,0,1,1,0,0,0,1,0,1,0,1,0,0,174,113,61,8,1,1
609,1,0,1,0,1,0,0,0,1,0,1,0,1,0,0,125,0,29,8,1,1
610,0,1,0,1,0,0,0,1,1,0,1,0,1,0,0,275,0,7,5,1,1
611,0,1,0,1,0,1,0,0,1,0,1,0,0,0,1,431,3,163,8,1,1
612,0,1,0,1,0,0,1,0,1,0,1,0,0,0,1,422,0,133,8,1,1
613,1,0,1,0,1,0,0,0,1,0,0,1,0,1,0,306,0,86,8,0,0